[{"Id":1,"AccountId":2,"AlbumId":1,"Point":101},{"Id":2,"AccountId":2,"AlbumId":2,"Point":102},{"Id":3,"AccountId":2,"AlbumId":3,"Point":103},{"Id":4,"AccountId":2,"AlbumId":4,"Point":5},{"Id":5205,"AccountId":1,"AlbumId":1,"Point":81},{"Id":5936,"AccountId":1,"AlbumId":5,"Point":73},{"Id":1140,"AccountId":1,"AlbumId":9,"Point":76},{"Id":3259,"AccountId":1,"AlbumId":10,"Point":66},{"Id":1908,"AccountId":1,"AlbumId":8,"Point":67},{"Id":604,"AccountId":1,"AlbumId":6,"Point":74},{"Id":7216,"AccountId":1,"AlbumId":4,"Point":80},{"Id":3036,"AccountId":1,"AlbumId":2,"Point":64},{"Id":9402,"AccountId":1,"AlbumId":7,"Point":66}]